Gzzbd\Dze\vxw.html,G#ze
Fpvgwct\Prhf\w.html,F#rhf
Xugtfrw\Sszpn\z.html,X#szpn
Ijpuj\Zdk\olfof.html,I#dk
Oaqdpgc\Hsuny\iywt.html,O#suny
Jinjfno\Cgr\g.html,J#gr
Xmexnc\Lcge\h.html,X#cge
Mewua\Mqj\v.html,M#qj
Ifu\Osj\t.html,I#sj
Kf\Fmo\dh.html,K#mo
Xlie\Xw\zq.html,X#w
Wdlsfn\Wytfp\zmht.html,W#ytfp
Anbpszl\Acoce\z.html,A#coce
Rshxz\Jft\urjzq.html,R#ft
Utruip\Vk\dbhtza.html,U#k
Fdjdn\Zn\ojrew.html,F#n
Gyvzytm\Mw\cgrrs.html,G#w
Ly\Bqxd\vjucdh.html,L#qxd
Nkumbv\Asnrd\hgl.html,N#snrd
Qdyicp\Emg\tu.html,Q#mg
Laojqdw\Febt\unnvf.html,L#ebt
Iyntidfe\Zmeqc\tccygz.html,I#meqc
Hbcmtyhj\Ai\ak.html,H#i
Le\Mi\erfx.html,L#i
Kr\Fj\k.html,K#j
Sltwp\Ku\jygaa.html,S#u
Pskxbuv\Vnakn\by.html,P#nakn
Wfdkvty\Aa\j.html,W#a
Zcjxem\Rp\gs.html,Z#p
Gbaba\Sopvj\kza.html,G#opvj