duzTZSpc wlzLUPcot,d t
qgbJpff hseECTm,q m
aqHJt njxqKLhw,a w
vlzBz qctBUf,v f
bqcFOy byvpFHVl,b l
legsSOfi qtbJJo,l o
macNekl muugXWFng,m g
ewlRvi ilXXmrs,e s
tixCgzt nkehHJFohn,t n
lnyEEyur mdoJCkw,l w
ynVsxu ejscSKUou,y u
ebslJLRa zrnIAEyn,e n
nhoxKQMzv lxvCKb,n b
edpILzf lxpgZDv,e v
gdoGUpi hrnoSRPjs,g s
gvpsNn zsmoRNEl,g l
ewSEwie ouHREoy,e y
ofepEmr pcTOPy,o y
qmLhx rkMYHcog,q g
elNb qubqMLtdq,e q
luMfq qrjDEVulg,l g
aewHHKogb qjmLDi,a i
awlaBYa vnjPPdrg,a g
okTHzko bnzfWEpnm,o m
xnFAv dmZCyy,x y
lusqBj atliFWMo,l o
izbqHDRs dnvoVLj,i j
ppWOfs flgsNAln,p n
bwcHx iljvOJCp,b p
mgqnIkn faikXRmc,m c