Dr. Eran Yahav,Dr.,('{"b1***Dr.+++v1": "Dr."}', '{"v1": "Dr. Eran Yahav"}', 'Dr.')
Pr. Yphiuy Gmoflxa,Pr.,('{"b1***Pr.+++v1": "Pr."}', '{"v1": "Pr. Yphiuy Gmoflxa"}', 'Pr.')
Pr. Dmzaz Fyffy,Pr.,('{"b1***Pr.+++v1": "Pr."}', '{"v1": "Pr. Dmzaz Fyffy"}', 'Pr.')
Pr. Lzuag Tjnzp,Pr.,('{"b1***Pr.+++v1": "Pr."}', '{"v1": "Pr. Lzuag Tjnzp"}', 'Pr.')
Dr. Pkwsu Ksksptjn,
Dr. Zastie Fqpues,
Dr. Bvxnpm Nglcn,
Dr. Mckqs Eoccn,
Pr. Ttxjey Gesorcf,
Pr. Ggjhdb Rtruabc,
Pr. Mlklk Vsovsa,
Sr. Mfrtz Kydpsvwn,
Sr. Cdgtha Nwzets,
Sr. Sbkpe Bypjpfmx,
Sr. Maxlda Zpzwtglf,
Pr. Xymbg Hdegj,
Pr. Apntc Olzoklgl,
Pr. Fzbtxt Nygextc,
Pr. Rqtpl Sjsvrule,
Dr. Grvuy Wkgrs,
Dr. Iudve Ymrtu,
Dr. Hrywi Pyfzadfv,
Dr. Blccc Depmy,
Dr. Lvfmri Eorcv,
Dr. Flwaro Jirxq,
Sr. Unnrkd Cjvxaeuj,
Sr. Itvlz Egwogmr,
Sr. Vncsto Usxaeu,
Sr. Whsnrc Iwkak,
Sr. Krcdex Ffknhi,